title,owner,views,flg_verified
«Маска». 6 сезон. 4 выпуск,Маска,"7,5 млн просмотров",1
Унижение в Белом Доме — Конец Зеленского №136,"Стас Ай, Как Просто!","1,2 млн просмотров",1
НАРИСУЙ ЛОГОТИП ПО ПАМЯТИ ЧЕЛЛЕНДЖ или ЗАДОНАТЬ! Ft. Deepins,ГЛЕНТ,894 тыс просмотров,1
Вопрос Ребром — Николай Василенко,GAZ,874 тыс просмотров,0
Изолирующие секты: Как лидеры культов ломают жизни / МИНАЕВ LIVE,Минаев Live,"1,5 млн просмотров",0
Подарил Однокласснице 100 Подарков !,Луномосик,318 тыс просмотров,0
Отец после операции на глаза УВИДЕЛ мою BMW X5 M. Реакция,Туман,356 тыс просмотров,1
"Александр Скиданов, Никита Никитин, Настя Ли, Влад Копытов-Шамрай, Чочиева и Павлов. Квиз-Стендап.",ИКС,652 тыс просмотров,0
Goblin News 140: встреча Зеленского и Трампа,Дмитрий Goblin Пучков,230 тыс просмотров,1
LiXiang Li 9. БОЛЬШОЙ ОБЗОР,Асафьев Стас,213 тыс просмотров,1
302. Редкий ЗИЛ 4972 / Космонавты любят эти машины,[Полигон 98] - Официальная группа,219 тыс просмотров,0
СОБИРАЕМ ДВИГАТЕЛЬ под ВОДОЙ - ЗАВЕДЕТСЯ?,Гараж 54,241 тыс просмотров,1
Однажды в России: Свободные отношения,ТНТ Видео,291 тыс просмотров,0
"100 Товаров по 100 Рублей с WiILDBERRIES💜 *2025* Все Для Дома, Косметика, Вкусняшки, Аксессуары и тд",Masha Zoom,153 тыс просмотров,1
Сразу после боя: Искандар Зияев - Нерсисян. Хайбула Мусалов в гневе / Полное интервью,КИМЧИ ПОП-ММА,164 тыс просмотров,1
Влог Сочи / Зимние каникулы,Anyaischuk,385 тыс просмотров,1
СВАДЬБА и ПРЕДЛОЖЕНИЕ в Дубровском Синдикате,Motor Heart Studio,145 тыс просмотров,0
"Десятка уволила тренера, судьба Родины Медиа, новые правила MFL | AGM #66",Winline Media League | Медиалига,351 тыс просмотров,1
Когда кухня слишком ВЫСОКА!? Ресторан Inner. Славный Обзор,Славный Друже Oblomoff,179 тыс просмотров,1
Перехожу на iPhone 16e: есть ли жизнь с 60Hz и 1 камерой?,Wylsacom,136 тыс просмотров,0
